"Id";"Designator";"Footprint";"Quantity";"Designation";"Supplier and ref";
1;"C1";"C_Disc_D4.3mm_W1.9mm_P5.00mm";1;"47n";;;
2;"C2";"CP_Radial_D6.3mm_P2.50mm";1;"22uF";;;
3;"C3, C4, C5, C6, C7, C8, C9, C10";"C_0805_2012Metric_Pad1.18x1.45mm_HandSolder";8;"100n";;;
4;"J1";"SMA_Amphenol_132289_EdgeMount";1;"IN+";;;
5;"J2";"SMA_Amphenol_132289_EdgeMount";1;"IN-";;;
6;"J3";"SMA_Amphenol_132289_EdgeMount";1;"OUT+";;;
7;"J4";"SMA_Amphenol_132289_EdgeMount";1;"OUT-";;;
8;"J5";"PinHeader_1x02_P2.54mm_Vertical";1;"Conn_01x02";;;
9;"J7";"PinHeader_1x06_P2.54mm_Vertical";1;"Conn_01x06";;;
10;"R1, R2";"R_0805_2012Metric_Pad1.20x1.40mm_HandSolder";2;"40";;;
11;"R3, R4, R5, R6, R7";"R_0805_2012Metric_Pad1.20x1.40mm_HandSolder";5;"1k";;;
12;"R8, R9, R10";"R_0805_2012Metric_Pad1.20x1.40mm_HandSolder";3;"1.5k";;;
13;"R11, R12, R13";"R_0805_2012Metric_Pad1.20x1.40mm_HandSolder";3;"10k";;;
14;"U1";"UQFN-16-custom";1;"LMH6401";;;
15;"U2";"TO-220-3_Horizontal_TabDown";1;"LM78M05_TO220";;;
16;"U3";"SMDIP-16_W9.53mm";1;"LTV-847S";;;
17;"U4, U5, U6";"SOT-23-5_HandSoldering";3;"74LVC1G04";;;
